eventid,eventuserid,marketingemail,eventemail,userprofileurl,createtimestamp,ipaddress,os,browser,emailformat,sourceeventid,userstatus,company,firstname,email,lastname,engagementprediction
2224325,276958989,N,Y,https://data.on24.com/webcast/lead?token=67ELtJgbrgj6Lc_qEYgqYwKrYPDQEqckI94fnnAtTIDHOWu7IFp1C4EsRKymM5w3UbdHhkexWibdKmerrt2oSQBT6ARRX4-COoaxeY6bvro=,2020-03-18T08:29:50-07:00,108.20.174.228,win10,chrome80,text,2224325,active,Vertex Pharmaceuticals,Glenn,runsomo@gmail.com,Butcher,MEDIUM
2224325,276962312,N,Y,https://data.on24.com/webcast/lead?token=k82KNBd-C3pYXsGim0HNXgD63f68B1lHDQsMQK2V_mIr09IYuISIBoFJPkyi3sOWDFCCfU5h8qIonKz7kq4SV1htknr96ZL7nJD7WG9TGNs=,2020-03-18T08:35:53-07:00,85.0.20.91,win10,chrome80,text,2224325,active,Vertex Pharmaceuticals (CH) GmbH,helga,helga_sorribas@vrtx.com,Sorribas,null
2224325,276963685,N,Y,https://data.on24.com/webcast/lead?token=W3eVXlFzT-23tsfDNa1yaiXV0-NlOH9OwltFKk5EJ_5wMqiVOlpBxgu1cMjeXjr_zPafvhb5kVUbzyarFfszFXv0IphdwLJIhuc8Bp5aYpo=,2020-03-18T08:38:22-07:00,76.19.139.189,win10,chrome79,text,2224325,active,Vertex,Matt,matt_villone@vrtx.com,Villone,null
2224325,276973653,N,Y,https://data.on24.com/webcast/lead?token=EHf6Ug4i73JraIwYFqAFOtkrf1LDYltd--3kaP4i8a4KwVdrUN-uL_9nVL7prFCIkwA73gW2efCExASH9rvro50XU70EM-KvUWZ-iqHp9nU=,2020-03-18T08:55:14-07:00,93.228.151.65,win10,chrome80,text,2224325,active,Vertex,Alexandre,alexandre_patchev@vrtx.com,Patchev,null
2224325,276982799,N,Y,https://data.on24.com/webcast/lead?token=gFqrzDkB83R_o53--KY1jk679Ua84ilCQIFahx2-HgiEYF72tHDWksyTsioTXc-wLdAoTYJoLEjn73uE-EpKHM1gZ_drkujRDe8hDC3FO40=,2020-03-18T09:06:45-07:00,176.26.122.192,win10,chrome80,text,2224325,active,Vertex Pharmaceuticals,Nigaar,nigaar_vaidya@vrtx.com,Vaidya,null
2224325,277002068,N,Y,https://data.on24.com/webcast/lead?token=EKEZEU8urWIRgBkU_mXuIpOjcBwci4Iws4Y6CS9hjn2cZiheqe1VTZ6rySP4_nAKk5XdkLD1Ac7TCB1y7hqKXdv_7ueWLwLahCO5dPa6O_o=,2020-03-18T09:45:38-07:00,86.14.180.137,win10,chrome80,text,2224325,active,Vertex,Pia,pia_redway@vrtx.com,Redway,null
2224325,277072391,N,Y,https://data.on24.com/webcast/lead?token=oybtiQS0zoOYdNEMNC85R_IziZVUkR8mzL9SLfVe_22M1EWHIUEmmVb5XfwTLF_Uq9KJyKbp65KSmNHkgxDdA06E2t9rYswqG_WG3mrK7HQ=,2020-03-18T11:36:55-07:00,80.3.15.52,win10,chrome80,text,2224325,active,Vertex,Ryan,ryan_fernandes@vrtx.com,Fernandes,null
2224325,277115825,N,Y,https://data.on24.com/webcast/lead?token=8os3NnrvP-EsJtUznSMvZC8AUiXbG9jD71aOyWefioml2mB0oq42sYaGJludE9ahoxeESTPJU8I4Zuys-y2r_zwZC4FoiAmCaFVrOT35FO0=,2020-03-18T13:38:20-07:00,93.104.3.146,win10,chrome80,text,2224325,active,Vertex Pharmaceuticals,Julia,julia_sharp@vrtx.com,Sharp,null
2240042,278961640,N,Y,https://data.on24.com/webcast/lead?token=9GCnP1VMbjlpc-_XlvaSbyIirGzHg_PtNuFJ-rFYCQuYzToVUMPBXhPirKOZXqyRly31dt07ILmGsHfafgZj1Q==,2020-03-24T14:07:26-07:00,199.83.45.8,win10,chrome77,text,2240042,active,null,null,null,null,null
2240042,278993626,N,Y,https://data.on24.com/webcast/lead?token=9GCnP1VMbjlpc-_XlvaSbyIirGzHg_PtNuFJ-rFYCQuYzToVUMPBXhPirKOZXqyRly31dt07ILmGsHfafgZj1Q==,2020-03-24T15:51:55-07:00,108.20.174.228,win10,chrome80,text,2240042,active,null,null,null,null,null
2240042,278993637,N,Y,https://data.on24.com/webcast/lead?token=9GCnP1VMbjlpc-_XlvaSbyIirGzHg_PtNuFJ-rFYCQuYzToVUMPBXhPirKOZXqyRly31dt07ILmGsHfafgZj1Q==,2020-03-24T15:51:59-07:00,52.44.93.197,win10,chrome80,text,2240042,active,null,null,null,null,null
2240042,278993715,N,Y,https://data.on24.com/webcast/lead?token=9GCnP1VMbjlpc-_XlvaSbyIirGzHg_PtNuFJ-rFYCQuYzToVUMPBXhPirKOZXqyRly31dt07ILmGsHfafgZj1Q==,2020-03-24T15:52:21-07:00,38.206.2.11,win7,msie11,text,2240042,active,null,null,null,null,null
2240042,279137084,N,Y,https://data.on24.com/webcast/lead?token=9GCnP1VMbjlpc-_XlvaSbyIirGzHg_PtNuFJ-rFYCQuYzToVUMPBXhPirKOZXqyRly31dt07ILmGsHfafgZj1Q==,2020-03-25T05:37:39-07:00,93.228.155.45,win10,chrome80,text,2240042,active,null,null,null,null,null
2240042,279137119,N,Y,https://data.on24.com/webcast/lead?token=9GCnP1VMbjlpc-_XlvaSbyIirGzHg_PtNuFJ-rFYCQuYzToVUMPBXhPirKOZXqyRly31dt07ILmGsHfafgZj1Q==,2020-03-25T05:37:45-07:00,34.231.157.157,win10,chrome80,text,2240042,active,null,null,null,null,null
2240042,279137389,N,Y,https://data.on24.com/webcast/lead?token=9GCnP1VMbjlpc-_XlvaSbyIirGzHg_PtNuFJ-rFYCQuYzToVUMPBXhPirKOZXqyRly31dt07ILmGsHfafgZj1Q==,2020-03-25T05:38:22-07:00,108.62.139.24,win7,msie11,text,2240042,active,null,null,null,null,null
2240042,279181878,N,Y,https://data.on24.com/webcast/lead?token=9GCnP1VMbjlpc-_XlvaSbyIirGzHg_PtNuFJ-rFYCQuYzToVUMPBXhPirKOZXqyRly31dt07ILmGsHfafgZj1Q==,2020-03-25T06:49:28-07:00,80.130.32.232,win10,chrome80,text,2240042,active,null,null,null,null,null
2240042,279203629,N,Y,https://data.on24.com/webcast/lead?token=9GCnP1VMbjlpc-_XlvaSbyIirGzHg_PtNuFJ-rFYCQuYzToVUMPBXhPirKOZXqyRly31dt07ILmGsHfafgZj1Q==,2020-03-25T07:19:30-07:00,188.174.57.252,macosx10_15,safari13,text,2240042,active,null,null,null,null,null
2240042,279203653,N,Y,https://data.on24.com/webcast/lead?token=9GCnP1VMbjlpc-_XlvaSbyIirGzHg_PtNuFJ-rFYCQuYzToVUMPBXhPirKOZXqyRly31dt07ILmGsHfafgZj1Q==,2020-03-25T07:19:33-07:00,34.232.127.140,win10,chrome80,text,2240042,active,null,null,null,null,null
2240042,279242213,N,Y,https://data.on24.com/webcast/lead?token=9GCnP1VMbjlpc-_XlvaSbyIirGzHg_PtNuFJ-rFYCQuYzToVUMPBXhPirKOZXqyRly31dt07ILmGsHfafgZj1Q==,2020-03-25T08:05:04-07:00,89.246.122.99,win10,firefox74,text,2240042,active,null,null,null,null,null
2240042,279242262,N,Y,https://data.on24.com/webcast/lead?token=9GCnP1VMbjlpc-_XlvaSbyIirGzHg_PtNuFJ-rFYCQuYzToVUMPBXhPirKOZXqyRly31dt07ILmGsHfafgZj1Q==,2020-03-25T08:05:07-07:00,34.231.157.157,win10,chrome80,text,2240042,active,null,null,null,null,null
2240042,279371076,N,Y,https://data.on24.com/webcast/lead?token=9GCnP1VMbjlpc-_XlvaSbyIirGzHg_PtNuFJ-rFYCQuYzToVUMPBXhPirKOZXqyRly31dt07ILmGsHfafgZj1Q==,2020-03-25T10:45:51-07:00,38.205.188.93,win7,msie11,text,2240042,active,null,null,null,null,null
2240042,279395905,N,Y,https://data.on24.com/webcast/lead?token=9GCnP1VMbjlpc-_XlvaSbyIirGzHg_PtNuFJ-rFYCQuYzToVUMPBXhPirKOZXqyRly31dt07ILmGsHfafgZj1Q==,2020-03-25T11:11:47-07:00,93.195.10.23,win10,chrome80,text,2240042,active,null,null,null,null,null
2240042,279684738,N,Y,https://data.on24.com/webcast/lead?token=9GCnP1VMbjlpc-_XlvaSbyIirGzHg_PtNuFJ-rFYCQuYzToVUMPBXhPirKOZXqyRly31dt07ILmGsHfafgZj1Q==,2020-03-26T06:24:07-07:00,52.44.93.197,win10,chrome80,text,2240042,active,null,null,null,null,null
2240042,279687249,N,Y,https://data.on24.com/webcast/lead?token=9GCnP1VMbjlpc-_XlvaSbyIirGzHg_PtNuFJ-rFYCQuYzToVUMPBXhPirKOZXqyRly31dt07ILmGsHfafgZj1Q==,2020-03-26T06:25:11-07:00,38.201.194.233,win7,msie11,text,2240042,active,null,null,null,null,null
2240042,279727634,N,Y,https://data.on24.com/webcast/lead?token=9GCnP1VMbjlpc-_XlvaSbyIirGzHg_PtNuFJ-rFYCQuYzToVUMPBXhPirKOZXqyRly31dt07ILmGsHfafgZj1Q==,2020-03-26T07:12:30-07:00,109.42.2.102,win10,chrome80,text,2240042,active,null,null,null,null,null
